{
  "items": [
    {
      "id": 1,
      "name": "Formwork",
      "image": "./assets/images/swms/jackhammer.png",
      "description": "Setting up sheeting and support structures for suspended concrete slabs."

    },
    {
      "id": 2,
      "name": "Concreting",
      "image": "./assets/images/swms/wheelbarrow.png",
      "description": "Pump operation and distribution. Handling practices and best practices for safely spreading and setting."
    },
    {
      "id": 3,
      "name": "Excavation",
      "image": "./assets/images/swms/excavate.png",
      "description": "Operating procedures and working distances and access. Enviroment considerations"
    },
    {
      "id": 4,
      "name": "Scaffolding",
      "image": "./assets/images/swms/crane.png",
      "description": "Foundation preparation. Assembly procedures. Maximum heights and clearances"
    },
    {
      "id": 5,
      "name": "Electrical",
      "image": "./assets/images/swms/safetyBarrier.png",
      "description": "Safety tag requirment. Permit to operate tagging. Emergency shutdown."
    },
    {
      "id": 6,
      "name": "Barge",
      "image": "./assets/images/swms/safetyBarrier.png",
      "description": "Driving the barge."
    },
    {
      "id": 7,
      "name": "Materials",
      "image": "./assets/images/swms/tipper.png",
      "description": "Delivery and acceptance of materials"
    },
    {
      "id": 8,
      "name": "Smoko",
      "image": "./assets/images/swms/safetyBarrier.png",
      "description": "Site made save and warnings and barricades in place"
    }
  ]
}
