{
    "items":[
      {
        "name": "Martin",
        "image": "./assets/images/notifications/100x100Notification1.jpeg",
        "message": "Don't forget to submit your updated insurance",
        "date": "5:03 pm",
        "validSwms": [1,2],
        "passcode": "0101",
        "clockedOn": false,
        "clockedOff": false
      },
      {
        "name": "Jessica",
        "image": "./assets/images/notifications/100x100Notification2.png",
        "message": "Justin invited you to the event Bday Party",
        "date": "2:54 pm",
        "validSwms": [1,2,3,4,5,6],
        "passcode": "0101",
        "clockedOn": true,
        "clockedOff": false,
        "clockOn": "7:45:00"
      },
      {
        "name": "Phillip",
        "image": "./assets/images/notifications/100x100Notification3.jpg",
        "message": "Please update your safety focuses",
        "date": "1:54 pm",
        "validSwms": [1,2,5,6,7,8],
        "passcode": "0101",
        "clockedOn": true,
        "clockedOff": true,
        "clockOn": "8:15:00",
        "clockOff": "4:45:00"
      },
      {
        "name": "George",
        "image": "./assets/images/notifications/100x100Notification4.jpeg",
        "message": "You need to do SWM #32 before you can do concreting",
        "date": "9:11 pm",
        "validSwms": [2,3,4,5,6,7,8],
        "passcode": "0101",
        "clockedOn": false,
        "clockedOff": false
      },
      {
        "name": "Kirsten",
        "image": "./assets/images/notifications/100x100Notification5.jpg",
        "message": "General meeting at 4pm today",
        "date": "3:09 pm",
        "validSwms": [1,2,3],
        "passcode": "0101",
        "clockedOn": false,
        "clockedOff": false
      },
      {
        "name": "Judith",
        "image": "./assets/images/notifications/100x100Notification6.jpg",
        "message": "All tools need to be tag tested by end of week",
        "date": "11:34 am",
        "validSwms": [4],
        "passcode": "0101",
        "clockedOn": false,
        "clockedOff": false
      },
      {
        "name": "Diane",
        "image": "./assets/images/notifications/100x100Notification7.jpg",
        "message": "No smoking in the toilet",
        "date": "7:12 am",
        "validSwms": [1,2,3,4,5,6,8],
        "passcode": "0101",
        "clockedOn": false,
        "clockedOff": false
      }
  ]
}
